{
  "losses": [
    0.9708380699157715,
    1.047143816947937,
    1.5523815155029297,
    0.7760215997695923,
    1.0960270166397095,
    0.9183329939842224,
    0.8542847633361816,
    0.7067444920539856,
    0.8278530836105347,
    0.6297470331192017,
    0.7313075661659241,
    0.583268404006958,
    0.4356047213077545,
    0.5938519239425659,
    0.6117821931838989,
    0.8429615497589111,
    0.41350874304771423,
    0.40124306082725525,
    0.331421434879303,
    0.3686653971672058,
    0.24753829836845398,
    0.3106767237186432,
    0.30251652002334595,
    0.19156458973884583,
    0.33031556010246277,
    0.22492267191410065,
    0.12399482727050781,
    0.40148624777793884,
    0.19004543125629425,
    0.618009090423584,
    0.1727076917886734,
    0.2277636080980301,
    0.25500258803367615,
    0.06634090840816498,
    0.07891232520341873,
    0.012121309526264668,
    0.3090331256389618,
    0.04181684926152229,
    0.2130098044872284,
    0.014694077894091606,
    0.21567140519618988,
    0.026353100314736366,
    0.09734418243169785,
    0.14725470542907715,
    0.5333818793296814,
    0.010011917911469936,
    0.011014774441719055,
    0.05774781480431557,
    0.3421283960342407,
    0.14290831983089447,
    0.1521635353565216,
    0.00099375587888062,
    0.10319377481937408,
    0.0804435983300209,
    0.13439488410949707,
    0.04248619079589844,
    0.0,
    0.2104206681251526,
    0.3795244097709656,
    0.10572204738855362,
    0.03519758582115173,
    0.03170770779252052,
    0.060670990496873856,
    0.11292016506195068,
    0.21647335588932037,
    0.003851182060316205,
    0.19629724323749542,
    0.044345173984766006,
    0.1205129623413086,
    0.1298469752073288,
    0.048379626125097275,
    0.18352249264717102,
    0.007150132209062576,
    0.24988043308258057,
    0.006398963741958141,
    0.026318714022636414,
    0.0,
    0.0,
    0.0957496389746666,
    0.1309601068496704,
    0.0,
    0.005079896189272404,
    0.12559959292411804,
    0.11619679629802704,
    0.20446550846099854,
    0.20540504157543182,
    0.0,
    0.10696539282798767,
    0.0,
    0.0,
    0.033223532140254974,
    0.2987639009952545,
    0.010828045196831226,
    0.22267591953277588,
    0.096623994410038,
    0.0,
    0.10000163316726685,
    0.1688605099916458,
    0.046625763177871704,
    0.12321371585130692
  ],
  "metrics": {
    "both": {
      "optimistic": {
        "adjusted_arithmetic_mean_rank": 0.5454545454545455,
        "adjusted_arithmetic_mean_rank_index": 0.4794520547945206,
        "adjusted_geometric_mean_rank_index": 0.4335211728083539,
        "adjusted_hits_at_k": 0.3936091180279555,
        "adjusted_inverse_harmonic_mean_rank": 0.028751963635574668,
        "arithmetic_mean_rank": 10.5,
        "count": 18.0,
        "geometric_mean_rank": 9.003178979479022,
        "harmonic_mean_rank": 7.245237496858509,
        "hits_at_1": 0.0,
        "hits_at_10": 0.5555555555555556,
        "hits_at_3": 0.1111111111111111,
        "hits_at_5": 0.16666666666666666,
        "inverse_arithmetic_mean_rank": 0.09523809523809523,
        "inverse_geometric_mean_rank": 0.11107187830868447,
        "inverse_harmonic_mean_rank": 0.13802170052170049,
        "inverse_median_rank": 0.1,
        "median_absolute_deviation": 3.706505546264005,
        "median_rank": 10.0,
        "standard_deviation": 5.241395064505462,
        "variance": 27.47222222222222,
        "z_arithmetic_mean_rank": 3.42803315535308,
        "z_geometric_mean_rank": 2.0483547961173376,
        "z_hits_at_k": 2.7672430529044285,
        "z_inverse_harmonic_mean_rank": 0.6193183228883132
      },
      "pessimistic": {
        "adjusted_arithmetic_mean_rank": 0.5454545454545455,
        "adjusted_arithmetic_mean_rank_index": 0.4794520547945206,
        "adjusted_geometric_mean_rank_index": 0.4335211728083539,
        "adjusted_hits_at_k": 0.3936091180279555,
        "adjusted_inverse_harmonic_mean_rank": 0.028751963635574668,
        "arithmetic_mean_rank": 10.5,
        "count": 18.0,
        "geometric_mean_rank": 9.003178979479022,
        "harmonic_mean_rank": 7.245237496858509,
        "hits_at_1": 0.0,
        "hits_at_10": 0.5555555555555556,
        "hits_at_3": 0.1111111111111111,
        "hits_at_5": 0.16666666666666666,
        "inverse_arithmetic_mean_rank": 0.09523809523809523,
        "inverse_geometric_mean_rank": 0.11107187830868447,
        "inverse_harmonic_mean_rank": 0.13802170052170049,
        "inverse_median_rank": 0.1,
        "median_absolute_deviation": 3.706505546264005,
        "median_rank": 10.0,
        "standard_deviation": 5.241395064505462,
        "variance": 27.47222222222222,
        "z_arithmetic_mean_rank": 3.42803315535308,
        "z_geometric_mean_rank": 2.0483547961173376,
        "z_hits_at_k": 2.7672430529044285,
        "z_inverse_harmonic_mean_rank": 0.6193183228883132
      },
      "realistic": {
        "adjusted_arithmetic_mean_rank": 0.5454545454545455,
        "adjusted_arithmetic_mean_rank_index": 0.4794520547945206,
        "adjusted_geometric_mean_rank_index": 0.43352140242465675,
        "adjusted_hits_at_k": 0.3936091180279555,
        "adjusted_inverse_harmonic_mean_rank": 0.028751971537687132,
        "arithmetic_mean_rank": 10.5,
        "count": 18.0,
        "geometric_mean_rank": 9.003175735473633,
        "harmonic_mean_rank": 7.245237350463867,
        "hits_at_1": 0.0,
        "hits_at_10": 0.5555555555555556,
        "hits_at_3": 0.1111111111111111,
        "hits_at_5": 0.16666666666666666,
        "inverse_arithmetic_mean_rank": 0.095238097012043,
        "inverse_geometric_mean_rank": 0.11107192188501358,
        "inverse_harmonic_mean_rank": 0.13802170753479004,
        "inverse_median_rank": 0.10000000149011612,
        "median_absolute_deviation": 3.706505537033081,
        "median_rank": 10.0,
        "standard_deviation": 5.241394996643066,
        "variance": 27.47222137451172,
        "z_arithmetic_mean_rank": 3.42803315535308,
        "z_geometric_mean_rank": 2.048355881037025,
        "z_hits_at_k": 2.7672430529044285,
        "z_inverse_harmonic_mean_rank": 0.6193184931000975
      }
    },
    "head": {
      "optimistic": {
        "adjusted_arithmetic_mean_rank": 0.4352941176470588,
        "adjusted_arithmetic_mean_rank_index": 0.5962732919254659,
        "adjusted_geometric_mean_rank_index": 0.568450039356592,
        "adjusted_hits_at_k": 0.5418519063742087,
        "adjusted_inverse_harmonic_mean_rank": 0.06936024120965228,
        "arithmetic_mean_rank": 8.222222222222221,
        "count": 9.0,
        "geometric_mean_rank": 7.100347145437858,
        "harmonic_mean_rank": 5.692731115152111,
        "hits_at_1": 0.0,
        "hits_at_10": 0.6666666666666666,
        "hits_at_3": 0.2222222222222222,
        "hits_at_5": 0.2222222222222222,
        "inverse_arithmetic_mean_rank": 0.12162162162162163,
        "inverse_geometric_mean_rank": 0.14083818431927286,
        "inverse_harmonic_mean_rank": 0.17566260899594233,
        "inverse_median_rank": 0.1111111111111111,
        "median_absolute_deviation": 2.965204437011204,
        "median_rank": 9.0,
        "standard_deviation": 3.552081636254618,
        "variance": 12.617283950617285,
        "z_arithmetic_mean_rank": 3.0122820459552986,
        "z_geometric_mean_rank": 1.9460863450019212,
        "z_hits_at_k": 2.657463694715168,
        "z_inverse_harmonic_mean_rank": 1.0465282888487648
      },
      "pessimistic": {
        "adjusted_arithmetic_mean_rank": 0.4352941176470588,
        "adjusted_arithmetic_mean_rank_index": 0.5962732919254659,
        "adjusted_geometric_mean_rank_index": 0.568450039356592,
        "adjusted_hits_at_k": 0.5418519063742087,
        "adjusted_inverse_harmonic_mean_rank": 0.06936024120965228,
        "arithmetic_mean_rank": 8.222222222222221,
        "count": 9.0,
        "geometric_mean_rank": 7.100347145437858,
        "harmonic_mean_rank": 5.692731115152111,
        "hits_at_1": 0.0,